OrderID;OrderDate;OrderDeliveryDate;UserID;OrderCode
1;2023-05-20;2023-06-01;1;1001
2;2023-05-21;2023-06-02;2;1002
3;2023-05-22;2023-06-03;3;1003
4;2023-05-23;2023-06-04;4;1004
5;2023-05-24;2023-06-05;5;1005
6;2023-05-25;2023-06-06;6;1006
7;2023-05-26;2023-06-07;7;1007
8;2023-05-27;2023-06-08;8;1008
9;2023-05-28;2023-06-09;9;1009
10;2023-05-29;2023-06-10;10;1010
11;2023-05-30;2023-06-11;11;1011
12;2023-05-31;2023-06-12;12;1012
13;2023-06-01;2023-06-13;13;1013
14;2023-06-02;2023-06-14;14;1014
15;2023-06-03;2023-06-15;15;1015
16;2023-06-04;2023-06-16;16;1016
17;2023-06-05;2023-06-17;17;1017
18;2023-06-06;2023-06-18;18;1018
19;2023-06-07;2023-06-19;19;1019
20;2023-06-08;2023-06-20;20;1020
21;2023-06-09;2023-06-21;21;1021
22;2023-06-10;2023-06-22;22;1022
23;2023-06-11;2023-06-23;23;1023
24;2023-06-12;2023-06-24;24;1024
25;2023-06-13;2023-06-25;25;1025
26;2023-06-14;2023-06-26;26;1026
27;2023-06-15;2023-06-27;27;1027
28;2023-06-16;2023-06-28;28;1028
29;2023-06-17;2023-06-29;29;1029
30;2023-06-18;2023-06-30;30;1030
31;2023-06-19;2023-07-01;31;1031
32;2023-06-20;2023-07-02;32;1032
33;2023-06-21;2023-07-03;33;1033
34;2023-06-22;2023-07-04;34;1034
35;2023-06-23;2023-07-05;35;1035
36;2023-06-24;2023-07-06;36;1036
37;2023-06-25;2023-07-07;37;1037
38;2023-06-26;2023-07-08;38;1038
39;2023-06-27;2023-07-09;39;1039
40;2023-06-28;2023-07-10;40;1040
41;2023-06-29;2023-07-11;41;1041
42;2023-06-30;2023-07-12;42;1042
43;2023-07-01;2023-07-13;43;1043
44;2023-07-02;2023-07-14;44;1044
45;2023-07-03;2023-07-15;45;1045
46;2023-07-04;2023-07-16;46;1046
47;2023-07-05;2023-07-17;47;1047
48;2023-07-06;2023-07-18;48;1048
49;2023-07-07;2023-07-19;49;1049
50;2023-07-08;2023-07-20;50;1050
